Tool,Moniker,Category,Severity,RSS Available,Feed URL,Tracking Method,Repo URL,Repo Status,Stars,Contributors,Docs URL,Website URL,Source Type,Discovery Method,Launch Status,Last Seen Update,Status,Date Added
ProfileSpider,profilespider,Article,Minor,‚ùå,,HTML/Blog,,,,,,https://www.producthunt.com/posts/profilespider,Press,Auto-Discovery,,,,2025-08-22
NeuralSide,neuralside,Article,Minor,‚ùå,,HTML/Blog,,,,,,https://www.producthunt.com/posts/neuralside,Press,Auto-Discovery,,,,2025-08-22
"AgentCraft. Like Cursor, but for n8n",agentcraft-like-cursor-but-for-n8n,Article,Minor,‚ùå,,HTML/Blog,,,,,,https://www.producthunt.com/posts/agentcraft-like-cursor-but-for-n8n,Press,Auto-Discovery,,,,2025-08-22
AGENTS.md,agents-md,Article,Minor,‚ùå,,HTML/Blog,,,,,,https://www.producthunt.com/posts/agents-md,Press,Auto-Discovery,,,,2025-08-22
VideoRecall,videorecall,Article,Minor,‚ùå,,HTML/Blog,,,,,,https://www.producthunt.com/posts/videorecall,Press,Auto-Discovery,,,,2025-08-22
Show HN: PDJsonEditor ‚Äì JSON editor with code‚Üîgraph sync and API fetch (OSS),show-hn-pdjsoneditor-json-editor-with-code-graph-sync-and-api-fetch-oss,Article,Minor,‚ùå,,HTML/Blog,,,,,,https://json.podosoft.io,Press,Auto-Discovery,,,,2025-08-22
Show HN: An Agent that adds AI Powered actions to your website,show-hn-an-agent-that-adds-ai-powered-actions-to-your-website,Article,Minor,‚ùå,,HTML/Blog,,,,,,https://www.instein.ai/,Press,Auto-Discovery,,,,2025-08-22
Show HN: Happiness Mantra ‚Äì A 33-page guide to lasting joy,show-hn-happiness-mantra-a-33-page-guide-to-lasting-joy,Article,Minor,‚ùå,,HTML/Blog,,,,,,https://bookbitehub.gumroad.com/l/HappinessMantra,Press,Auto-Discovery,,,,2025-08-22
Show HN: USB Device Identifier ‚Äì Identify USB Devices in the Browser,show-hn-usb-device-identifier-identify-usb-devices-in-the-browser,Article,Minor,‚ùå,,HTML/Blog,,,,,,https://nodeloop.org/projects/usb-identifier,Press,Auto-Discovery,,,,2025-08-22
Built a YAML-to-RESUME Editor,built-a-yaml-to-resume-editor,Article,Minor,‚ùå,,HTML/Blog,,,,,,https://www.reddit.com/r/programming/comments/1mx53ei/built_a_yamltoresume_editor/,Press,Auto-Discovery,,,,2025-08-22
What‚Äôs Telematics? Your Guide to Connected Vehicles and IoT,what-s-telematics-your-guide-to-connected-vehicles-and-iot,Article,Minor,‚ùå,,HTML/Blog,,,,,,https://www.reddit.com/r/programming/comments/1mx4utf/whats_telematics_your_guide_to_connected_vehicles/,Press,Auto-Discovery,,,,2025-08-22
Transforming Ideas into Scalable Digital Solutions ‚Äì The Skyappz Way,transforming-ideas-into-scalable-digital-solutions-the-skyappz-way,Article,Minor,‚ùå,,HTML/Blog,,,,,,https://www.reddit.com/r/programming/comments/1mx46ca/transforming_ideas_into_scalable_digital/,Press,Auto-Discovery,,,,2025-08-22
Why do my agents always break at the worst possible time?,why-do-my-agents-always-break-at-the-worst-possible-time,Article,Minor,‚ùå,,HTML/Blog,,,,,,https://www.reddit.com/r/LocalLLaMA/comments/1mwx9y5/why_do_my_agents_always_break_at_the_worst/,Press,Auto-Discovery,,,,2025-08-22
Why low-bit models aren't totally braindead: A guide from 1-bit meme to FP16 research,why-low-bit-models-aren-t-totally-braindead-a-guide-from-1-bit-meme-to-fp16-research,Article,Minor,‚ùå,,HTML/Blog,,,,,,https://www.reddit.com/r/LocalLLaMA/comments/1mwevt4/why_lowbit_models_arent_totally_braindead_a_guide/,Press,Auto-Discovery,,,,2025-08-22
"How much token per second is considered as ""usable""?",how-much-token-per-second-is-considered-as-usable,Article,Minor,‚ùå,,HTML/Blog,,,,,,https://www.reddit.com/r/LocalLLaMA/comments/1mx1nmq/how_much_token_per_second_is_considered_as_usable/,Press,Auto-Discovery,,,,2025-08-22
[R] Is data the bottleneck for video/audio generation?,r-is-data-the-bottleneck-for-video-audio-generation,Article,Minor,‚ùå,,HTML/Blog,,,,,,https://www.reddit.com/r/MachineLearning/comments/1mv5ls0/r_is_data_the_bottleneck_for_videoaudio_generation/,Press,Auto-Discovery,,,,2025-08-22
[D] ACL Rolling Review (ARR) 2025 May (EMNLP 2025) Stats,d-acl-rolling-review-arr-2025-may-emnlp-2025-stats,Article,Minor,‚ùå,,HTML/Blog,,,,,,https://www.reddit.com/r/MachineLearning/comments/1mtoewm/d_acl_rolling_review_arr_2025_may_emnlp_2025_stats/,Press,Auto-Discovery,,,,2025-08-22
Why Paradigm built a spreadsheet with an AI agent in every cell,why-paradigm-built-a-spreadsheet-with-an-ai-agent-in-every-cell,Article,Minor,‚ùå,,HTML/Blog,,,,,,https://techcrunch.com/2025/08/18/why-paradigm-built-a-spreadsheet-with-an-ai-agent-in-every-cell/,Press,Auto-Discovery,,,,2025-08-22
Google‚Äôs new Web Guide search experiment organizes results with AI,google-s-new-web-guide-search-experiment-organizes-results-with-ai,Article,Minor,‚ùå,,HTML/Blog,,,,,,https://techcrunch.com/2025/07/24/googles-new-web-guide-search-experiment-organizes-results-with-ai/,Press,Auto-Discovery,,,,2025-08-22
Google made it easier to edit your Drive videos,google-made-it-easier-to-edit-your-drive-videos,Article,Minor,‚ùå,,HTML/Blog,,,,,,https://www.theverge.com/news/764221/google-drive-video-editing-vids-shortcut,Press,Auto-Discovery,,,,2025-08-22
Inside Walmart‚Äôs AI security stack: How a startup mentality is hardening enterprise-scale defense,inside-walmart-s-ai-security-stack-how-a-startup-mentality-is-hardening-enterprise-scale-defense,Article,Minor,‚ùå,,HTML/Blog,,,,,,https://venturebeat.com/security/exclusive-walmarts-ciso-is-rebuilding-identity-security-for-ai-age/,Press,Auto-Discovery,,,,2025-08-22
LLMs generate ‚Äòfluent nonsense‚Äô when reasoning outside their training zone,llms-generate-fluent-nonsense-when-reasoning-outside-their-training-zone,Article,Minor,‚ùå,,HTML/Blog,,,,,,https://venturebeat.com/ai/llms-generate-fluent-nonsense-when-reasoning-outside-their-training-zone/,Press,Auto-Discovery,,,,2025-08-22
VB AI Impact Series: Can you really govern multi-agent AI?,vb-ai-impact-series-can-you-really-govern-multi-agent-ai,Article,Minor,‚ùå,,HTML/Blog,,,,,,https://venturebeat.com/ai/vb-ai-impact-series-can-you-really-govern-multi-agent-ai/,Press,Auto-Discovery,,,,2025-08-22
Adult sites are stashing exploit code inside racy .svg files,adult-sites-are-stashing-exploit-code-inside-racy-svg-files,Article,Minor,‚ùå,,HTML/Blog,,,,,,https://arstechnica.com/security/2025/08/adult-sites-use-malicious-svg-files-to-rack-up-likes-on-facebook/,Press,Auto-Discovery,,,,2025-08-22
AI in Wyoming may soon use more electricity than state‚Äôs human residents,ai-in-wyoming-may-soon-use-more-electricity-than-state-s-human-residents,Article,Minor,‚ùå,,HTML/Blog,,,,,,https://arstechnica.com/information-technology/2025/07/ai-in-wyoming-may-soon-use-more-electricity-than-states-human-residents/,Press,Auto-Discovery,,,,2025-08-22
Can coding agents self-improve?,can-coding-agents-self-improve,Article,Minor,‚ùå,,HTML/Blog,,,,,,https://www.latent.space/p/self-improving,Press,Auto-Discovery,,,,2025-08-22
Cline: The Open Source Code Agent ‚Äî with Saoud Rizwan and Nik Pash,cline-the-open-source-code-agent-with-saoud-rizwan-and-nik-pash,Article,Minor,‚ùå,,HTML/Blog,,,,,,https://www.latent.space/p/cline,Press,Auto-Discovery,,,,2025-08-22
Scaling Test Time Compute to Multi-Agent Civilizations: Noam Brown,scaling-test-time-compute-to-multi-agent-civilizations-noam-brown,Article,Minor,‚ùå,,HTML/Blog,,,,,,https://www.latent.space/p/noam-brown,Press,Auto-Discovery,,,,2025-08-22
AIEWF 2025 Online! (and Attendee Guide),aiewf-2025-online-and-attendee-guide,Article,Minor,‚ùå,,HTML/Blog,,,,,,https://www.latent.space/p/aiewf-2025,Press,Auto-Discovery,,,,2025-08-22
"SWE Agents Too Cheap To Meter, The Token Data War, and the rise of Tiny Teams",swe-agents-too-cheap-to-meter-the-token-data-war-and-the-rise-of-tiny-teams,Article,Minor,‚ùå,,HTML/Blog,,,,,,https://www.latent.space/p/token-data-war,Press,Auto-Discovery,,,,2025-08-22
"‚ö°Ô∏èMulti-Turn RL for Multi-Hour Agents ‚Äî with Will Brown, Prime Intellect",multi-turn-rl-for-multi-hour-agents-with-will-brown-prime-intellect,Article,Minor,‚ùå,,HTML/Blog,,,,,,https://www.latent.space/p/willccbb,Press,Auto-Discovery,,,,2025-08-22
Claude Code: Anthropic's Agent in Your Terminal,claude-code-anthropic-s-agent-in-your-terminal,Article,Minor,‚ùå,,HTML/Blog,,,,,,https://www.latent.space/p/claude-code,Press,Auto-Discovery,,,,2025-08-22
From Zero to GPU: A Guide to Building and Scaling Production-Ready CUDA Kernels,from-zero-to-gpu-a-guide-to-building-and-scaling-production-ready-cuda-kernels,Article,Minor,‚ùå,,HTML/Blog,,,,,,https://huggingface.co/blog/kernel-builder,Press,Auto-Discovery,,,,2025-08-22
MCP for Research: How to Connect AI to Research Tools,mcp-for-research-how-to-connect-ai-to-research-tools,Article,Minor,‚ùå,,HTML/Blog,,,,,,https://huggingface.co/blog/mcp-for-research,Press,Auto-Discovery,,,,2025-08-22
TextQuests: How Good are LLMs at Text-Based Video Games?,textquests-how-good-are-llms-at-text-based-video-games,Article,Minor,‚ùå,,HTML/Blog,,,,,,https://huggingface.co/blog/textquests,Press,Auto-Discovery,,,,2025-08-22
Accelerate ND-Parallel: A Guide to Efficient Multi-GPU Training,accelerate-nd-parallel-a-guide-to-efficient-multi-gpu-training,Article,Minor,‚ùå,,HTML/Blog,,,,,,https://huggingface.co/blog/accelerate-nd-parallel,Press,Auto-Discovery,,,,2025-08-22
Build an AI Shopping Assistant with Gradio MCP Servers,build-an-ai-shopping-assistant-with-gradio-mcp-servers,Article,Minor,‚ùå,,HTML/Blog,,,,,,https://huggingface.co/blog/gradio-vton-mcp,Press,Auto-Discovery,,,,2025-08-22
TimeScope: How Long Can Your Video Large Multimodal Model Go?,timescope-how-long-can-your-video-large-multimodal-model-go,Article,Minor,‚ùå,,HTML/Blog,,,,,,https://huggingface.co/blog/timescope-video-lmm-benchmark,Press,Auto-Discovery,,,,2025-08-22
Back to The Future: Evaluating AI Agents on Predicting Future Events,back-to-the-future-evaluating-ai-agents-on-predicting-future-events,Article,Minor,‚ùå,,HTML/Blog,,,,,,https://huggingface.co/blog/futurebench,Press,Auto-Discovery,,,,2025-08-22
Five Big Improvements to Gradio MCP Servers,five-big-improvements-to-gradio-mcp-servers,Article,Minor,‚ùå,,HTML/Blog,,,,,,https://huggingface.co/blog/gradio-mcp-updates,Press,Auto-Discovery,,,,2025-08-22
ScreenEnv: Deploy your full stack Desktop Agent,screenenv-deploy-your-full-stack-desktop-agent,Article,Minor,‚ùå,,HTML/Blog,,,,,,https://huggingface.co/blog/screenenv,Press,Auto-Discovery,,,,2025-08-22
Building the Hugging Face MCP Server,building-the-hugging-face-mcp-server,Article,Minor,‚ùå,,HTML/Blog,,,,,,https://huggingface.co/blog/building-hf-mcp,Press,Auto-Discovery,,,,2025-08-22
Upskill your LLMs with Gradio MCP Servers,upskill-your-llms-with-gradio-mcp-servers,Article,Minor,‚ùå,,HTML/Blog,,,,,,https://huggingface.co/blog/gradio-mcp-servers,Press,Auto-Discovery,,,,2025-08-22
Groq on Hugging Face Inference Providers üî•,groq-on-hugging-face-inference-providers,Article,Minor,‚ùå,,HTML/Blog,,,,,,https://huggingface.co/blog/inference-providers-groq,Press,Auto-Discovery,,,,2025-08-22
Featherless AI on Hugging Face Inference Providers üî•,featherless-ai-on-hugging-face-inference-providers,Article,Minor,‚ùå,,HTML/Blog,,,,,,https://huggingface.co/blog/inference-providers-featherless,Press,Auto-Discovery,,,,2025-08-22
ScreenSuite - The most comprehensive evaluation suite for GUI Agents!,screensuite-the-most-comprehensive-evaluation-suite-for-gui-agents,Article,Minor,‚ùå,,HTML/Blog,,,,,,https://huggingface.co/blog/screensuite,Press,Auto-Discovery,,,,2025-08-22
CodeAgents + Structure: A Better Way to Execute Actions,codeagents-structure-a-better-way-to-execute-actions,Article,Minor,‚ùå,,HTML/Blog,,,,,,https://huggingface.co/blog/structured-codeagent,Press,Auto-Discovery,,,,2025-08-22
Tiny Agents in Python: a MCP-powered agent in ~70 lines of code,tiny-agents-in-python-a-mcp-powered-agent-in-70-lines-of-code,Article,Minor,‚ùå,,HTML/Blog,,,,,,https://huggingface.co/blog/python-tiny-agents,Press,Auto-Discovery,,,,2025-08-22
How to Build an MCP Server with Gradio,how-to-build-an-mcp-server-with-gradio,Article,Minor,‚ùå,,HTML/Blog,,,,,,https://huggingface.co/blog/gradio-mcp,Press,Auto-Discovery,,,,2025-08-22
Tiny Agents: a MCP-powered agent in 50 lines of code,tiny-agents-a-mcp-powered-agent-in-50-lines-of-code,Article,Minor,‚ùå,,HTML/Blog,,,,,,https://huggingface.co/blog/tiny-agents,Press,Auto-Discovery,,,,2025-08-22
Cohere on Hugging Face Inference Providers üî•,cohere-on-hugging-face-inference-providers,Article,Minor,‚ùå,,HTML/Blog,,,,,,https://huggingface.co/blog/inference-providers-cohere,Press,Auto-Discovery,,,,2025-08-22
Hugging Face and Cloudflare Partner to Make Real-Time Speech and Video Seamless with FastRTC,hugging-face-and-cloudflare-partner-to-make-real-time-speech-and-video-seamless-with-fastrtc,Article,Minor,‚ùå,,HTML/Blog,,,,,,https://huggingface.co/blog/fastrtc-cloudflare,Press,Auto-Discovery,,,,2025-08-22
LLM Inference on Edge: A Fun and Easy Guide to run LLMs via React Native on your Phone!,llm-inference-on-edge-a-fun-and-easy-guide-to-run-llms-via-react-native-on-your-phone,Article,Minor,‚ùå,,HTML/Blog,,,,,,https://huggingface.co/blog/llm-inference-on-edge,Press,Auto-Discovery,,,,2025-08-22
Trace & Evaluate your Agent with Arize Phoenix,trace-evaluate-your-agent-with-arize-phoenix,Article,Minor,‚ùå,,HTML/Blog,,,,,,https://huggingface.co/blog/smolagents-phoenix,Press,Auto-Discovery,,,,2025-08-22
SmolVLM2: Bringing Video Understanding to Every Device,smolvlm2-bringing-video-understanding-to-every-device,Article,Minor,‚ùå,,HTML/Blog,,,,,,https://huggingface.co/blog/smolvlm2,Press,Auto-Discovery,,,,2025-08-22
"Introducing Three New Serverless Inference Providers: Hyperbolic, Nebius AI Studio, and Novita üî•",introducing-three-new-serverless-inference-providers-hyperbolic-nebius-ai-studio-and-novita,Article,Minor,‚ùå,,HTML/Blog,,,,,,https://huggingface.co/blog/inference-providers-nebius-novita-hyperbolic,Press,Auto-Discovery,,,,2025-08-22
Build awesome datasets for video generation,build-awesome-datasets-for-video-generation,Article,Minor,‚ùå,,HTML/Blog,,,,,,https://huggingface.co/blog/vid_ds_scripts,Press,Auto-Discovery,,,,2025-08-22
Open-source DeepResearch ‚Äì Freeing our search agents,open-source-deepresearch-freeing-our-search-agents,Article,Minor,‚ùå,,HTML/Blog,,,,,,https://huggingface.co/blog/open-deep-research,Press,Auto-Discovery,,,,2025-08-22
DABStep: Data Agent Benchmark for Multi-step Reasoning,dabstep-data-agent-benchmark-for-multi-step-reasoning,Article,Minor,‚ùå,,HTML/Blog,,,,,,https://huggingface.co/blog/dabstep,Press,Auto-Discovery,,,,2025-08-22
Welcome to Inference Providers on the Hub üî•,welcome-to-inference-providers-on-the-hub,Article,Minor,‚ùå,,HTML/Blog,,,,,,https://huggingface.co/blog/inference-providers,Press,Auto-Discovery,,,,2025-08-22
State of open video generation models in Diffusers,state-of-open-video-generation-models-in-diffusers,Article,Minor,‚ùå,,HTML/Blog,,,,,,https://huggingface.co/blog/video_gen,Press,Auto-Discovery,,,,2025-08-22
We now support VLMs in smolagents!,we-now-support-vlms-in-smolagents,Article,Minor,‚ùå,,HTML/Blog,,,,,,https://huggingface.co/blog/smolagents-can-see,Press,Auto-Discovery,,,,2025-08-22
AI Agents Are Here. What Now?,ai-agents-are-here-what-now,Article,Minor,‚ùå,,HTML/Blog,,,,,,https://huggingface.co/blog/ethics-soc-7,Press,Auto-Discovery,,,,2025-08-22
Introducing smolagents: simple agents that write actions in code.,introducing-smolagents-simple-agents-that-write-actions-in-code,Article,Minor,‚ùå,,HTML/Blog,,,,,,https://huggingface.co/blog/smolagents,Press,Auto-Discovery,,,,2025-08-22
Open Source Developers Guide to the EU AI Act,open-source-developers-guide-to-the-eu-ai-act,Article,Minor,‚ùå,,HTML/Blog,,,,,,https://huggingface.co/blog/eu-ai-act-for-oss-developers,Press,Auto-Discovery,,,,2025-08-22
A Security Review of Gradio 5,a-security-review-of-gradio-5,Article,Minor,‚ùå,,HTML/Blog,,,,,,https://huggingface.co/blog/gradio-5-security,Press,Auto-Discovery,,,,2025-08-22
FineVideo: behind the scenes,finevideo-behind-the-scenes,Article,Minor,‚ùå,,HTML/Blog,,,,,,https://huggingface.co/blog/fine-video,Press,Auto-Discovery,,,,2025-08-22
Scaling robotics datasets with video encoding,scaling-robotics-datasets-with-video-encoding,Article,Minor,‚ùå,,HTML/Blog,,,,,,https://huggingface.co/blog/video-encoding,Press,Auto-Discovery,,,,2025-08-22
Our Transformers Code Agent beats the GAIA benchmark!,our-transformers-code-agent-beats-the-gaia-benchmark,Article,Minor,‚ùå,,HTML/Blog,,,,,,https://huggingface.co/blog/beating-gaia,Press,Auto-Discovery,,,,2025-08-22
License to Call: Introducing Transformers Agents 2.0,license-to-call-introducing-transformers-agents-2-0,Article,Minor,‚ùå,,HTML/Blog,,,,,,https://huggingface.co/blog/agents,Press,Auto-Discovery,,,,2025-08-22
"Jack of All Trades, Master of Some, a Multi-Purpose Transformer Agent",jack-of-all-trades-master-of-some-a-multi-purpose-transformer-agent,Article,Minor,‚ùå,,HTML/Blog,,,,,,https://huggingface.co/blog/jat,Press,Auto-Discovery,,,,2025-08-22
Introducing Idefics2: A Powerful 8B Vision-Language Model for the community,introducing-idefics2-a-powerful-8b-vision-language-model-for-the-community,Article,Minor,‚ùå,,HTML/Blog,,,,,,https://huggingface.co/blog/idefics2,Press,Auto-Discovery,,,,2025-08-22
Open-source LLMs as LangChain Agents,open-source-llms-as-langchain-agents,Article,Minor,‚ùå,,HTML/Blog,,,,,,https://huggingface.co/blog/open-source-llms-as-agents,Press,Auto-Discovery,,,,2025-08-22
A guide to setting up your own Hugging Face leaderboard: an end-to-end example with Vectara's hallucination leaderboard,a-guide-to-setting-up-your-own-hugging-face-leaderboard-an-end-to-end-example-with-vectara-s-hallucination-leaderboard,Article,Minor,‚ùå,,HTML/Blog,,,,,,https://huggingface.co/blog/leaderboard-vectara,Press,Auto-Discovery,,,,2025-08-22
Non-engineers guide: Train a LLaMA 2 chatbot,non-engineers-guide-train-a-llama-2-chatbot,Article,Minor,‚ùå,,HTML/Blog,,,,,,https://huggingface.co/blog/Llama2-for-non-engineers,Press,Auto-Discovery,,,,2025-08-22
Introducing IDEFICS: An Open Reproduction of State-of-the-art Visual Language Model,introducing-idefics-an-open-reproduction-of-state-of-the-art-visual-language-model,Article,Minor,‚ùå,,HTML/Blog,,,,,,https://huggingface.co/blog/idefics,Press,Auto-Discovery,,,,2025-08-22
Practical 3D Asset Generation: A Step-by-Step Guide,practical-3d-asset-generation-a-step-by-step-guide,Article,Minor,‚ùå,,HTML/Blog,,,,,,https://huggingface.co/blog/3d-assets,Press,Auto-Discovery,,,,2025-08-22
AI Policy @ü§ó: Open ML Considerations in the EU AI Act,ai-policy-open-ml-considerations-in-the-eu-ai-act,Article,Minor,‚ùå,,HTML/Blog,,,,,,https://huggingface.co/blog/eu-ai-act-oss,Press,Auto-Discovery,,,,2025-08-22
Introducing Agents.js: Give tools to your LLMs using JavaScript,introducing-agents-js-give-tools-to-your-llms-using-javascript,Article,Minor,‚ùå,,HTML/Blog,,,,,,https://huggingface.co/blog/agents-js,Press,Auto-Discovery,,,,2025-08-22
Announcing our new Content Guidelines and Policy,announcing-our-new-content-guidelines-and-policy,Article,Minor,‚ùå,,HTML/Blog,,,,,,https://huggingface.co/blog/content-guidelines-update,Press,Auto-Discovery,,,,2025-08-22
A Dive into Text-to-Video Models,a-dive-into-text-to-video-models,Article,Minor,‚ùå,,HTML/Blog,,,,,,https://huggingface.co/blog/text-to-video,Press,Auto-Discovery,,,,2025-08-22
StackLLaMA: A hands-on guide to train LLaMA with RLHF,stackllama-a-hands-on-guide-to-train-llama-with-rlhf,Article,Minor,‚ùå,,HTML/Blog,,,,,,https://huggingface.co/blog/stackllama,Press,Auto-Discovery,,,,2025-08-22
Ethical guidelines for developing the Diffusers library,ethical-guidelines-for-developing-the-diffusers-library,Article,Minor,‚ùå,,HTML/Blog,,,,,,https://huggingface.co/blog/ethics-diffusers,Press,Auto-Discovery,,,,2025-08-22
Introducing ‚öîÔ∏è AI vs. AI ‚öîÔ∏è a deep reinforcement learning multi-agents competition system,introducing-ai-vs-ai-a-deep-reinforcement-learning-multi-agents-competition-system,Article,Minor,‚ùå,,HTML/Blog,,,,,,https://huggingface.co/blog/aivsai,Press,Auto-Discovery,,,,2025-08-22
What Makes a Dialog Agent Useful?,what-makes-a-dialog-agent-useful,Article,Minor,‚ùå,,HTML/Blog,,,,,,https://huggingface.co/blog/dialog-agents,Press,Auto-Discovery,,,,2025-08-22
A Complete Guide to Audio Datasets,a-complete-guide-to-audio-datasets,Article,Minor,‚ùå,,HTML/Blog,,,,,,https://huggingface.co/blog/audio-datasets,Press,Auto-Discovery,,,,2025-08-22
Introducing DOI: the Digital Object Identifier to Datasets and Models,introducing-doi-the-digital-object-identifier-to-datasets-and-models,Article,Minor,‚ùå,,HTML/Blog,,,,,,https://huggingface.co/blog/introducing-doi,Press,Auto-Discovery,,,,2025-08-22
Announcing the ü§ó AI Research Residency Program,announcing-the-ai-research-residency-program,Article,Minor,‚ùå,,HTML/Blog,,,,,,https://huggingface.co/blog/ai-residency,Press,Auto-Discovery,,,,2025-08-22
"Introducing Snowball Fight ‚òÉÔ∏è, our First ML-Agents Environment",introducing-snowball-fight-our-first-ml-agents-environment,Article,Minor,‚ùå,,HTML/Blog,,,,,,https://huggingface.co/blog/snowball-fight,Press,Auto-Discovery,,,,2025-08-22
Simple considerations for simple people building fancy neural networks,simple-considerations-for-simple-people-building-fancy-neural-networks,Article,Minor,‚ùå,,HTML/Blog,,,,,,https://huggingface.co/blog/simple-considerations,Press,Auto-Discovery,,,,2025-08-22
Collab-REC: An LLM-based Agentic Framework for Balancing Recommendations in Tourism,collab-rec-an-llm-based-agentic-framework-for-balancing-recommendations-in-tourism,Article,Minor,‚ùå,,HTML/Blog,,,,,,https://arxiv.org/abs/2508.15030,Press,Auto-Discovery,,,,2025-08-22
Emergent Crowds Dynamics from Language-Driven Multi-Agent Interactions,emergent-crowds-dynamics-from-language-driven-multi-agent-interactions,Article,Minor,‚ùå,,HTML/Blog,,,,,,https://arxiv.org/abs/2508.15047,Press,Auto-Discovery,,,,2025-08-22
Don't Think Twice! Over-Reasoning Impairs Confidence Calibration,don-t-think-twice-over-reasoning-impairs-confidence-calibration,Article,Minor,‚ùå,,HTML/Blog,,,,,,https://arxiv.org/abs/2508.15050,Press,Auto-Discovery,,,,2025-08-22
S3LoRA: Safe Spectral Sharpness-Guided Pruning in Adaptation of Agent Planner,s3lora-safe-spectral-sharpness-guided-pruning-in-adaptation-of-agent-planner,Article,Minor,‚ùå,,HTML/Blog,,,,,,https://arxiv.org/abs/2508.15068,Press,Auto-Discovery,,,,2025-08-22
Mobile-Agent-v3: Foundamental Agents for GUI Automation,mobile-agent-v3-foundamental-agents-for-gui-automation,Article,Minor,‚ùå,,HTML/Blog,,,,,,https://arxiv.org/abs/2508.15144,Press,Auto-Discovery,,,,2025-08-22
See it. Say it. Sorted: Agentic System for Compositional Diagram Generation,see-it-say-it-sorted-agentic-system-for-compositional-diagram-generation,Article,Minor,‚ùå,,HTML/Blog,,,,,,https://arxiv.org/abs/2508.15222,Press,Auto-Discovery,,,,2025-08-22
Multiple Memory Systems for Enhancing the Long-term Memory of Agent,multiple-memory-systems-for-enhancing-the-long-term-memory-of-agent,Article,Minor,‚ùå,,HTML/Blog,,,,,,https://arxiv.org/abs/2508.15294,Press,Auto-Discovery,,,,2025-08-22
Coarse-to-Fine Grounded Memory for LLM Agent Planning,coarse-to-fine-grounded-memory-for-llm-agent-planning,Article,Minor,‚ùå,,HTML/Blog,,,,,,https://arxiv.org/abs/2508.15305,Press,Auto-Discovery,,,,2025-08-22
From Bits to Boardrooms: A Cutting-Edge Multi-Agent LLM Framework for Business Excellence,from-bits-to-boardrooms-a-cutting-edge-multi-agent-llm-framework-for-business-excellence,Article,Minor,‚ùå,,HTML/Blog,,,,,,https://arxiv.org/abs/2508.15447,Press,Auto-Discovery,,,,2025-08-22
Super-additive Cooperation in Language Model Agents,super-additive-cooperation-in-language-model-agents,Article,Minor,‚ùå,,HTML/Blog,,,,,,https://arxiv.org/abs/2508.15510,Press,Auto-Discovery,,,,2025-08-22
Understanding Action Effects through Instrumental Empowerment in Multi-Agent Reinforcement Learning,understanding-action-effects-through-instrumental-empowerment-in-multi-agent-reinforcement-learning,Article,Minor,‚ùå,,HTML/Blog,,,,,,https://arxiv.org/abs/2508.15652,Press,Auto-Discovery,,,,2025-08-22
Language-Guided Tuning: Enhancing Numeric Optimization with Textual Feedback,language-guided-tuning-enhancing-numeric-optimization-with-textual-feedback,Article,Minor,‚ùå,,HTML/Blog,,,,,,https://arxiv.org/abs/2508.15757,Press,Auto-Discovery,,,,2025-08-22
Efficient Switchable Safety Control in LLMs via Magic-Token-Guided Co-Training,efficient-switchable-safety-control-in-llms-via-magic-token-guided-co-training,Article,Minor,‚ùå,,HTML/Blog,,,,,,https://arxiv.org/abs/2508.14904,Press,Auto-Discovery,,,,2025-08-22
Can synthetic data reproduce real-world findings in epidemiology? A replication study using tree-based generative AI,can-synthetic-data-reproduce-real-world-findings-in-epidemiology-a-replication-study-using-tree-based-generative-ai,Article,Minor,‚ùå,,HTML/Blog,,,,,,https://arxiv.org/abs/2508.14936,Press,Auto-Discovery,,,,2025-08-22
"Quantized Neural Networks for Microcontrollers: A Comprehensive Review of Methods, Platforms, and Applications",quantized-neural-networks-for-microcontrollers-a-comprehensive-review-of-methods-platforms-and-applications,Article,Minor,‚ùå,,HTML/Blog,,,,,,https://arxiv.org/abs/2508.15008,Press,Auto-Discovery,,,,2025-08-22
MoEcho: Exploiting Side-Channel Attacks to Compromise User Privacy in Mixture-of-Experts LLMs,moecho-exploiting-side-channel-attacks-to-compromise-user-privacy-in-mixture-of-experts-llms,Article,Minor,‚ùå,,HTML/Blog,,,,,,https://arxiv.org/abs/2508.15036,Press,Auto-Discovery,,,,2025-08-22
IPIGuard: A Novel Tool Dependency Graph-Based Defense Against Indirect Prompt Injection in LLM Agents,ipiguard-a-novel-tool-dependency-graph-based-defense-against-indirect-prompt-injection-in-llm-agents,Article,Minor,‚ùå,,HTML/Blog,,,,,,https://arxiv.org/abs/2508.15310,Press,Auto-Discovery,,,,2025-08-22
VideoEraser: Concept Erasure in Text-to-Video Diffusion Models,videoeraser-concept-erasure-in-text-to-video-diffusion-models,Article,Minor,‚ùå,,HTML/Blog,,,,,,https://arxiv.org/abs/2508.15314,Press,Auto-Discovery,,,,2025-08-22
LoUQAL: Low-fidelity informed Uncertainty Quantification for Active Learning in the chemical configuration space,louqal-low-fidelity-informed-uncertainty-quantification-for-active-learning-in-the-chemical-configuration-space,Article,Minor,‚ùå,,HTML/Blog,,,,,,https://arxiv.org/abs/2508.15577,Press,Auto-Discovery,,,,2025-08-22
StreamMem: Query-Agnostic KV Cache Memory for Streaming Video Understanding,streammem-query-agnostic-kv-cache-memory-for-streaming-video-understanding,Article,Minor,‚ùå,,HTML/Blog,,,,,,https://arxiv.org/abs/2508.15717,Press,Auto-Discovery,,,,2025-08-22
End-to-End Agentic RAG System Training for Traceable Diagnostic Reasoning,end-to-end-agentic-rag-system-training-for-traceable-diagnostic-reasoning,Article,Minor,‚ùå,,HTML/Blog,,,,,,https://arxiv.org/abs/2508.15746,Press,Auto-Discovery,,,,2025-08-22
"""Does the cafe entrance look accessible? Where is the door?"" Towards Geospatial AI Agents for Visual Inquiries",does-the-cafe-entrance-look-accessible-where-is-the-door-towards-geospatial-ai-agents-for-visual-inquiries,Article,Minor,‚ùå,,HTML/Blog,,,,,,https://arxiv.org/abs/2508.15752,Press,Auto-Discovery,,,,2025-08-22
LiveMCP-101: Stress Testing and Diagnosing MCP-enabled Agents on Challenging Queries,livemcp-101-stress-testing-and-diagnosing-mcp-enabled-agents-on-challenging-queries,Article,Minor,‚ùå,,HTML/Blog,,,,,,https://arxiv.org/abs/2508.15760,Press,Auto-Discovery,,,,2025-08-22
CRISPR-GPT for Agentic Automation of Gene-editing Experiments,crispr-gpt-for-agentic-automation-of-gene-editing-experiments,Article,Minor,‚ùå,,HTML/Blog,,,,,,https://arxiv.org/abs/2404.18021,Press,Auto-Discovery,,,,2025-08-22
Prescriptive Agents based on RAG for Automated Maintenance (PARAM),prescriptive-agents-based-on-rag-for-automated-maintenance-param,Article,Minor,‚ùå,,HTML/Blog,,,,,,https://arxiv.org/abs/2508.04714,Press,Auto-Discovery,,,,2025-08-22
"A ""good regulator theorem"" for embodied agents",a-good-regulator-theorem-for-embodied-agents,Article,Minor,‚ùå,,HTML/Blog,,,,,,https://arxiv.org/abs/2508.06326,Press,Auto-Discovery,,,,2025-08-22
Using a cognitive architecture to consider antiBlackness in design and development of AI systems,using-a-cognitive-architecture-to-consider-antiblackness-in-design-and-development-of-ai-systems,Article,Minor,‚ùå,,HTML/Blog,,,,,,https://arxiv.org/abs/2207.00644,Press,Auto-Discovery,,,,2025-08-22
Grounded-VideoLLM: Sharpening Fine-grained Temporal Grounding in Video Large Language Models,grounded-videollm-sharpening-fine-grained-temporal-grounding-in-video-large-language-models,Article,Minor,‚ùå,,HTML/Blog,,,,,,https://arxiv.org/abs/2410.03290,Press,Auto-Discovery,,,,2025-08-22
Knowledge-Guided Prompt Learning for Request Quality Assurance in Public Code Review,knowledge-guided-prompt-learning-for-request-quality-assurance-in-public-code-review,Article,Minor,‚ùå,,HTML/Blog,,,,,,https://arxiv.org/abs/2410.21673,Press,Auto-Discovery,,,,2025-08-22
Evaluation Agent: Efficient and Promptable Evaluation Framework for Visual Generative Models,evaluation-agent-efficient-and-promptable-evaluation-framework-for-visual-generative-models,Article,Minor,‚ùå,,HTML/Blog,,,,,,https://arxiv.org/abs/2412.09645,Press,Auto-Discovery,,,,2025-08-22
"Large Language Models for Automated Literature Review: An Evaluation of Reference Generation, Abstract Writing, and Review Composition",large-language-models-for-automated-literature-review-an-evaluation-of-reference-generation-abstract-writing-and-review-composition,Article,Minor,‚ùå,,HTML/Blog,,,,,,https://arxiv.org/abs/2412.13612,Press,Auto-Discovery,,,,2025-08-22
Ontology-Guided Reverse Thinking Makes Large Language Models Stronger on Knowledge Graph Question Answering,ontology-guided-reverse-thinking-makes-large-language-models-stronger-on-knowledge-graph-question-answering,Article,Minor,‚ùå,,HTML/Blog,,,,,,https://arxiv.org/abs/2502.11491,Press,Auto-Discovery,,,,2025-08-22
VerifiAgent: a Unified Verification Agent in Language Model Reasoning,verifiagent-a-unified-verification-agent-in-language-model-reasoning,Article,Minor,‚ùå,,HTML/Blog,,,,,,https://arxiv.org/abs/2504.00406,Press,Auto-Discovery,,,,2025-08-22
TextSplat: Text-Guided Semantic Fusion for Generalizable Gaussian Splatting,textsplat-text-guided-semantic-fusion-for-generalizable-gaussian-splatting,Article,Minor,‚ùå,,HTML/Blog,,,,,,https://arxiv.org/abs/2504.09588,Press,Auto-Discovery,,,,2025-08-22
MuSeD: A Multimodal Spanish Dataset for Sexism Detection in Social Media Videos,mused-a-multimodal-spanish-dataset-for-sexism-detection-in-social-media-videos,Article,Minor,‚ùå,,HTML/Blog,,,,,,https://arxiv.org/abs/2504.11169,Press,Auto-Discovery,,,,2025-08-22
Empirical Evidence for Alignment Faking in a Small LLM and Prompt-Based Mitigation Techniques,empirical-evidence-for-alignment-faking-in-a-small-llm-and-prompt-based-mitigation-techniques,Article,Minor,‚ùå,,HTML/Blog,,,,,,https://arxiv.org/abs/2506.21584,Press,Auto-Discovery,,,,2025-08-22
Generation of structure-guided pMHC-I libraries using Diffusion Models,generation-of-structure-guided-pmhc-i-libraries-using-diffusion-models,Article,Minor,‚ùå,,HTML/Blog,,,,,,https://arxiv.org/abs/2507.08902,Press,Auto-Discovery,,,,2025-08-22
Agoran: An Agentic Open Marketplace for 6G RAN Automation,agoran-an-agentic-open-marketplace-for-6g-ran-automation,Article,Minor,‚ùå,,HTML/Blog,,,,,,https://arxiv.org/abs/2508.09159,Press,Auto-Discovery,,,,2025-08-22
Preacher: Paper-to-Video Agentic System,preacher-paper-to-video-agentic-system,Article,Minor,‚ùå,,HTML/Blog,,,,,,https://arxiv.org/abs/2508.09632,Press,Auto-Discovery,,,,2025-08-22
Fortifying the Agentic Web: A Unified Zero-Trust Architecture Against Logic-layer Threats,fortifying-the-agentic-web-a-unified-zero-trust-architecture-against-logic-layer-threats,Article,Minor,‚ùå,,HTML/Blog,,,,,,https://arxiv.org/abs/2508.12259,Press,Auto-Discovery,,,,2025-08-22
SecFSM: Knowledge Graph-Guided Verilog Code Generation for Secure Finite State Machines in Systems-on-Chip,secfsm-knowledge-graph-guided-verilog-code-generation-for-secure-finite-state-machines-in-systems-on-chip,Article,Minor,‚ùå,,HTML/Blog,,,,,,https://arxiv.org/abs/2508.12910,Press,Auto-Discovery,,,,2025-08-22
VerilogLAVD: LLM-Aided Rule Generation for Vulnerability Detection in Verilog,veriloglavd-llm-aided-rule-generation-for-vulnerability-detection-in-verilog,Article,Minor,‚ùå,,HTML/Blog,,,,,,https://arxiv.org/abs/2508.13092,Press,Auto-Discovery,,,,2025-08-22
FinAgentBench: A Benchmark Dataset for Agentic Retrieval in Financial Question Answering,finagentbench-a-benchmark-dataset-for-agentic-retrieval-in-financial-question-answering,Article,Minor,‚ùå,,HTML/Blog,,,,,,https://arxiv.org/abs/2508.14052,Press,Auto-Discovery,,,,2025-08-22
Show HN: Review code in multiple passes with Git (git-cl),show-hn-review-code-in-multiple-passes-with-git-git-cl,Article,Minor,‚ùå,,HTML/Blog,,,,,,https://news.ycombinator.com/item?id=44994603,Press,Auto-Discovery,,,,2025-08-23
"No, Google Did Not Unilaterally Decide to Kill XSLT",no-google-did-not-unilaterally-decide-to-kill-xslt,Article,Minor,‚ùå,,HTML/Blog,,,,,,https://www.reddit.com/r/programming/comments/1mxswpp/no_google_did_not_unilaterally_decide_to_kill_xslt/,Press,Auto-Discovery,,,,2025-08-23
A World of Goo‚Äìstyle bridge simulator üõ¢Ô∏è using WL + Canvas API. All inside a single notebook,a-world-of-goo-style-bridge-simulator-using-wl-canvas-api-all-inside-a-single-notebook,Article,Minor,‚ùå,,HTML/Blog,,,,,,https://www.reddit.com/r/programming/comments/1my0icw/a_world_of_goostyle_bridge_simulator_using_wl/,Press,Auto-Discovery,,,,2025-08-23
NVIDIA new paper : Small Language Models are the Future of Agentic AI,nvidia-new-paper-small-language-models-are-the-future-of-agentic-ai,Article,Minor,‚ùå,,HTML/Blog,,,,,,https://www.reddit.com/r/LocalLLaMA/comments/1mxrarl/nvidia_new_paper_small_language_models_are_the/,Press,Auto-Discovery,,,,2025-08-23
DINOv3 semantic video tracking running locally in your browser (WebGPU),dinov3-semantic-video-tracking-running-locally-in-your-browser-webgpu,Article,Minor,‚ùå,,HTML/Blog,,,,,,https://www.reddit.com/r/LocalLLaMA/comments/1mx7q58/dinov3_semantic_video_tracking_running_locally_in/,Press,Auto-Discovery,,,,2025-08-23
Deep Research MCP Server,deep-research-mcp-server,Article,Minor,‚ùå,,HTML/Blog,,,,,,https://www.reddit.com/r/LocalLLaMA/comments/1mxvp4q/deep_research_mcp_server/,Press,Auto-Discovery,,,,2025-08-23
[D] AAAI considered 2nd tier now?,d-aaai-considered-2nd-tier-now,Article,Minor,‚ùå,,HTML/Blog,,,,,,https://www.reddit.com/r/MachineLearning/comments/1mxrt1y/d_aaai_considered_2nd_tier_now/,Press,Auto-Discovery,,,,2025-08-23
Ninja Gaiden: Ragebound is a perfect reimagining of the classic series,ninja-gaiden-ragebound-is-a-perfect-reimagining-of-the-classic-series,Article,Minor,‚ùå,,HTML/Blog,,,,,,https://www.theverge.com/games-review/716421/ninja-gaiden-ragebound-review-nintendo-switch-playstation-xbox-pc,Press,Auto-Discovery,,,,2025-08-23
The power shift inside OpenAI,the-power-shift-inside-openai,Article,Minor,‚ùå,,HTML/Blog,,,,,,https://www.theverge.com/command-line-newsletter/764650/openai-chatgpt-fidji-simo-sam-altman-power-shift,Press,Auto-Discovery,,,,2025-08-23
OpenCUA‚Äôs open source computer-use agents rival proprietary models from OpenAI and Anthropic,opencua-s-open-source-computer-use-agents-rival-proprietary-models-from-openai-and-anthropic,Article,Minor,‚ùå,,HTML/Blog,,,,,,https://venturebeat.com/ai/opencuas-open-source-computer-use-agents-rival-proprietary-models-from-openai-and-anthropic/,Press,Auto-Discovery,,,,2025-08-23
MCP-Universe benchmark shows GPT-5 fails more than half of real-world orchestration tasks,mcp-universe-benchmark-shows-gpt-5-fails-more-than-half-of-real-world-orchestration-tasks,Article,Minor,‚ùå,,HTML/Blog,,,,,,https://venturebeat.com/ai/mcp-universe-benchmark-shows-gpt-5-fails-more-than-half-of-real-world-orchestration-tasks/,Press,Auto-Discovery,,,,2025-08-23
"Four big enterprise lessons from Walmart‚Äôs AI security: agentic risks, identity reboot, velocity with governance, and AI vs. AI defense",four-big-enterprise-lessons-from-walmart-s-ai-security-agentic-risks-identity-reboot-velocity-with-governance-and-ai-vs-ai-defense,Article,Minor,‚ùå,,HTML/Blog,,,,,,https://venturebeat.com/security/four-big-enterprise-lessons-from-walmart-ai-security-agentic-risks-identity-reboot-velocity-with-governance-and-ai-vs-ai-defense/,Press,Auto-Discovery,,,,2025-08-23
College student‚Äôs ‚Äútime travel‚Äù AI experiment accidentally outputs real 1834 history,college-student-s-time-travel-ai-experiment-accidentally-outputs-real-1834-history,Article,Minor,‚ùå,,HTML/Blog,,,,,,https://arstechnica.com/information-technology/2025/08/ai-built-from-1800s-texts-surprises-creator-by-mentioning-real-1834-london-protests/,Press,Auto-Discovery,,,,2025-08-23
"Show HN: I wanted AI in Slack, ended up making Basecase (AI agents in chat)",show-hn-i-wanted-ai-in-slack-ended-up-making-basecase-ai-agents-in-chat,Article,Minor,‚ùå,,HTML/Blog,,,,,,https://basecase.ai/,Press,Auto-Discovery,,,,2025-08-24
Show HN: I built a Shazam for movies (identify films from clips in seconds),show-hn-i-built-a-shazam-for-movies-identify-films-from-clips-in-seconds,Article,Minor,‚ùå,,HTML/Blog,,,,,,https://whatmovie.net/,Press,Auto-Discovery,,,,2025-08-24
"IEMidi-v2.0.0 ¬∑ Cross-platform MIDI map editor for linux, win and macOS.",iemidi-v2-0-0-cross-platform-midi-map-editor-for-linux-win-and-macos,Article,Minor,‚ùå,,HTML/Blog,,,,,,https://www.reddit.com/r/programming/comments/1mylsul/iemidiv200_crossplatform_midi_map_editor_for/,Press,Auto-Discovery,,,,2025-08-24
SXO :: Optimized Server-Side JSX. Build Simple. Build Fast,sxo-optimized-server-side-jsx-build-simple-build-fast,Article,Minor,‚ùå,,HTML/Blog,,,,,,https://www.reddit.com/r/programming/comments/1my2ehr/sxo_optimized_serverside_jsx_build_simple_build/,Press,Auto-Discovery,,,,2025-08-24
2025 guide to Context Engineering for Software Engineers,2025-guide-to-context-engineering-for-software-engineers,Article,Minor,‚ùå,,HTML/Blog,,,,,,https://www.reddit.com/r/programming/comments/1myqcvw/2025_guide_to_context_engineering_for_software/,Press,Auto-Discovery,,,,2025-08-24
What are my best options for using Video Understanding Vision Language Models?,what-are-my-best-options-for-using-video-understanding-vision-language-models,Article,Minor,‚ùå,,HTML/Blog,,,,,,https://www.reddit.com/r/LocalLLaMA/comments/1mytilm/what_are_my_best_options_for_using_video/,Press,Auto-Discovery,,,,2025-08-24
[R] Building a deep learning image model system to identify BJJ positions in matches,r-building-a-deep-learning-image-model-system-to-identify-bjj-positions-in-matches,Article,Minor,‚ùå,,HTML/Blog,,,,,,https://www.reddit.com/r/MachineLearning/comments/1mylqrb/r_building_a_deep_learning_image_model_system_to/,Press,Auto-Discovery,,,,2025-08-24
